first_name,last_name,job_title,department,email,address,phone_number,salary,password
Jennifer,Foster,"Secretary, company",Government social research officer,rowemegan@example.org,Danaville,2740991856,34935,xW42FS6o
Leon,Hunt,Mechanical engineer,"Journalist, magazine",contreraskathleen@example.com,South Tiffany,485.815.4284,71613,34ajdHdS
Victor,Gardner,"Engineer, site",Technical brewer,matthewdavis@example.com,Julieland,153.628.4365,35298,SnUaHqeX
Charles,Byrd,Sales promotion account executive,Land,toddreynolds@example.com,South Tristan,001-348-078-2001x32998,82151,8rUU37b9
Dawn,Murillo,Recycling officer,Public affairs consultant,jennifergallagher@example.org,Lake Markmouth,(722)825-9670x5542,39977,ChCUH8Ea
Sarah,Cunningham,Biomedical engineer,Tourism officer,gmartin@example.net,Staffordhaven,627-989-5228,43063,knmR21s8
Christine,Stephens,"Geologist, wellsite",Neurosurgeon,piercelee@example.com,Munozhaven,(089)753-0215x6865,43585,G2Pekagw
Gabriela,Cunningham,Chartered certified accountant,"Programmer, applications",gstanley@example.net,North Mary,730-511-1374,55656,BZAnVE9t
Michelle,Compton,Materials engineer,"Engineer, aeronautical",jtyler@example.net,Robertsmouth,(033)682-8566x09031,86102,J6AGS4rR
Jacob,Herrera,Logistics and distribution manager,Dietitian,jeffreyjohnson@example.net,Clarkmouth,(679)534-1854,38330,nFTRshmc
Victoria,White,Office manager,Community pharmacist,rodriguezchristopher@example.org,Port John,001-209-550-4778,95225,qzd5mJzx
Jessica,Martinez,Energy manager,"Radiographer, therapeutic",jennifer53@example.org,Joshuaport,+1-212-107-8310x84356,5363,Btbtck0I
Mary,George,Industrial buyer,"Pharmacist, hospital",shawthomas@example.net,Matthewmouth,(819)308-8818,56580,IrNyYOsm
Mary,Pearson,Agricultural engineer,Marketing executive,arose@example.org,Markside,914.587.2837,52644,Oxi6m7mK
Bonnie,Hernandez,Musician,Occupational hygienist,xbanks@example.net,Pittmanmouth,301.469.1206x85090,18907,Upuntdia
Stephanie,Phillips,Animal nutritionist,Management consultant,kspears@example.org,New Amber,045.595.0188x30166,46341,lHwbf6Xd
Jennifer,Mathews,"Programmer, systems","Designer, television/film set",david58@example.org,Jesushaven,(492)120-3561x83772,40952,tZt3PRRz
Samantha,Clements,Writer,Agricultural consultant,contrerascatherine@example.net,Port Markchester,1159503946,30724,mg1nqbUj
Joseph,Cooper,Holiday representative,"Chemist, analytical",staceywilson@example.net,Lake Vanessa,8782862163,27816,lrcNDRrm
Isaiah,Johnson,"Therapist, sports",Architectural technologist,warren80@example.com,Port Charlesburgh,+1-645-461-0312,78628,e7fwC8YR
Crystal,Carpenter,"Engineer, automotive","Psychotherapist, dance movement",williamskevin@example.net,Annberg,001-677-769-8164x2719,15284,9seUr4g4
Danielle,Petersen,Financial manager,"Designer, graphic",vdean@example.org,Lake Davidbury,+1-287-164-0206x0987,95960,r2kri9AV
Jesse,Shaw,"Editor, film/video",Higher education careers adviser,nvelez@example.com,Lake Jessicamouth,001-026-2131x208,89447,wBreCsWT
Cole,Carroll,Interpreter,Interpreter,scottpatrick@example.com,Jessicaview,852.874.7569,37645,HNYFmvex
Oscar,Dunn,Hospital doctor,Midwife,brian56@example.com,Lake Erin,883.338.0175x82670,12697,SZgwMD4n
Diana,Francis,Financial trader,Volunteer coordinator,eric59@example.org,Gonzalezfort,(708)806-2315,68354,Tl9dVNrQ
Nicole,Obrien,Network engineer,Chartered certified accountant,dorisbutler@example.com,West Amandafurt,023.365.1084,14881,8v0sNd5B
Robert,Miranda,Insurance broker,Consulting civil engineer,tcooper@example.com,Jeanland,114.619.8488x2234,46215,686PZGOx
Teresa,Wagner,Phytotherapist,"Surveyor, hydrographic",robertevans@example.com,New Debrashire,633-755-7740,75424,8eH5grjB
Sergio,Ford,"Production designer, theatre/television/film",Network engineer,elizabethprice@example.com,New Michael,047-197-8620,50303,36QB00QV
Troy,Harvey,Materials engineer,Legal secretary,dianacallahan@example.com,Josephhaven,398.967.1908x8809,57682,rBkaLSjc
Amanda,Brewer,Building services engineer,"Teacher, music",frangel@example.com,Lake Kellieberg,997.059.1707,10167,Ckltrm2o
Michael,Castillo,Magazine features editor,Education administrator,amandaprice@example.org,Belindastad,+1-571-048-4455x44421,13720,qGsKN39N
Zachary,Butler,Immunologist,Holiday representative,amandaerickson@example.org,South Donna,725.740.1166x73219,35286,NJDzsjbQ
David,Robles,"Engineer, agricultural",Sport and exercise psychologist,franciscarey@example.com,South Franciscofort,183.452.9543x335,32534,aGkQZH3X
Kathleen,Howe,"Engineer, mining",Trade union research officer,ebecker@example.com,Dixonshire,001-949-490-9170x492,84677,XU7M3yk9
Denise,George,Hospital doctor,"Administrator, local government",shaun83@example.org,Staceyville,371.268.9162x1779,60963,ciuZBj8M
Rebecca,Nichols,Firefighter,"Scientist, research (medical)",psanchez@example.com,Johnsonville,(358)885-2483,3494,5I6Mxwps
Nancy,May,"Accountant, chartered public finance","Designer, blown glass/stained glass",nicolemarquez@example.net,North Katherine,+1-866-085-2140x049,19711,Wn6Vy8SJ
Jeffrey,Mcclain,"Teacher, adult education",Trade union research officer,aewing@example.com,East Sandrastad,758.540.1929,49915,a2YXHl1r
Andrea,Murphy,Catering manager,"Engineer, manufacturing systems",brandonharrington@example.com,West Gina,(135)772-2351x84560,40836,GUqCxJcN
Cindy,Rivera,Museum education officer,"Geologist, engineering",asanchez@example.org,Morenotown,(909)304-9720x4123,82643,oPkZP1qR
Danielle,Johnson,"Lighting technician, broadcasting/film/video",Conference centre manager,bowerstom@example.net,New Nicole,225.927.6468x0149,26715,47g60esM
Cynthia,Bowers,"Teacher, adult education",Administrator,zriley@example.net,Grayfort,001-138-498-0614,75988,ffknxRXl
Jonathan,Garcia,"Psychologist, sport and exercise","Scientist, product/process development",vpace@example.org,West John,001-116-533-2461x9503,37548,pvxdb72V
Denise,Santiago,"Surveyor, building control",Media planner,guzmanerika@example.net,West Nicholas,044.141.0968x4733,28873,qGQ5HG49
Nathan,Collins,Horticultural therapist,Race relations officer,youngronald@example.com,Jasonfort,(368)068-4372x27351,68119,OfpTAB7S
Joseph,Martinez,Web designer,Quarry manager,steven65@example.org,Alexamouth,310-337-2938,67109,Fmpiom2X
Nathaniel,Palmer,Site engineer,Civil Service administrator,timothy09@example.org,South Richard,+1-085-447-2106,48745,SWaAhGYl
Kristie,Martinez,Agricultural consultant,"Development worker, community",samanthalee@example.org,South Christina,360-202-2281x256,98710,Xc7nMzbD
Joshua,Cruz,Health physicist,Dance movement psychotherapist,charles94@example.net,Sydneychester,9999793553,75408,VnahjR9o
David,Campos,Herbalist,"Accountant, chartered certified",whitesamantha@example.com,Thompsonmouth,+1-581-291-1021x1451,45194,1c3fQcND
Joseph,Chen,Special effects artist,Merchant navy officer,hhicks@example.org,Port Rayfort,001-779-947-6170x0071,98063,VxF5fxB6
Shane,Meyer,Geophysicist/field seismologist,Naval architect,emccullough@example.com,Andrestad,(650)109-6502x5638,19668,lKlYyM5Y
Blake,Miller,Clothing/textile technologist,Customer service manager,gibsonjeanne@example.org,Troyville,001-866-696-5347x5014,99894,roA8P7nr
David,Cruz,Tourism officer,"Education officer, environmental",kylemedina@example.com,New Dwayneville,(218)677-7578,918,BEPfmDrc
Amanda,Barry,Occupational therapist,Forensic psychologist,kylepruitt@example.org,Port David,8627223404,49539,NC0Dzlh1
Johnny,Richards,Maintenance engineer,Volunteer coordinator,xbrock@example.org,Danamouth,+1-913-019-9390x076,10366,uQ5vVLo5
Lindsay,Stewart,"Engineer, aeronautical","Engineer, petroleum",alyssabrown@example.net,Alyssamouth,089-878-8918x480,72611,BbGtv4SL
Nancy,Woods,Herbalist,Diagnostic radiographer,kwillis@example.com,Natashaborough,4595156971,54484,CnaaJ0hq
Mary,Schmidt,"Horticulturist, amenity","Horticulturist, amenity",chambersjason@example.net,South Robertview,323.571.7678x0652,94764,d8b8lGaT
Lori,Moore,Jewellery designer,Plant breeder/geneticist,wilsonmatthew@example.com,New Alexandrafort,(312)973-2408,25268,N1vuCOEG
Thomas,Gibson,Emergency planning/management officer,Biomedical scientist,madison18@example.org,Port Josephburgh,+1-763-095-6302x2362,75660,Yri7hcGa
Dylan,Buchanan,Garment/textile technologist,"Nurse, learning disability",pachecogabriel@example.org,Lake Maria,309-115-9358,38878,0C55j1Dq
April,Acevedo,Restaurant manager,"Scientist, clinical (histocompatibility and immunogenetics)",natalie08@example.net,North Patricia,760-895-3377x682,547,YGjwn0iJ
Kenneth,Snyder,General practice doctor,Facilities manager,brandon96@example.net,South Nicolebury,(203)027-2369,16605,He4WfSV0
Roberto,Jones,"Programmer, systems","Surveyor, minerals",bernardchase@example.net,Toddburgh,+1-125-909-3239,37355,l5vOcD1j
Lisa,Kent,Corporate treasurer,Insurance claims handler,iherrera@example.net,Jenniferville,001-072-722-1893x52399,17290,xOvEQFuh
Caleb,Green,Television floor manager,Financial risk analyst,melissabradley@example.net,Horneburgh,8212116800,91049,vN6lvqJe
Heidi,Hale,Web designer,English as a second language teacher,annapruitt@example.net,Port Jason,922-743-1048,379,oobQTsgR
Sean,Hendricks,Chemical engineer,Occupational therapist,brettmarshall@example.org,Lake Vincentside,299.760.6350x45467,71977,Tv4DZVrT
Nancy,Miller,"Therapist, drama",Forensic psychologist,henry05@example.net,Adamston,(182)411-2750x73462,66667,VFTMuJy4
Aaron,White,Gaffer,Public librarian,rebecca94@example.net,Brownmouth,521-379-8614,55903,W5LdJEsT
Tara,Tyler,"Accountant, chartered certified",Software engineer,alexandrapatterson@example.net,North Nathantown,(445)368-6219x720,12995,RGa64m0R
Caitlin,Wilson,Human resources officer,Further education lecturer,madelinecarlson@example.com,South Joseph,(570)558-6682,81929,46EtkHoe
Amber,Lopez,Warden/ranger,"Conservator, museum/gallery",mark52@example.net,West Theresa,(268)852-2229x8774,69285,z23uUUPz
Billy,Gross,"Engineer, maintenance","Civil engineer, contracting",alexander02@example.net,North Faithfort,001-862-384-8170x99684,82582,oDj0PQyX
Mark,Davis,Marketing executive,Advertising art director,tiffanywilliams@example.org,Alexanderberg,2730907380,43066,p9PCvhmS
Anna,Hunter,"Administrator, sports",Actor,angela01@example.org,Donnaland,001-467-463-5917x70492,95069,5LHeUDyl
Frederick,Diaz,Electrical engineer,Customer service manager,michaeljohnson@example.net,North Stephanie,+1-234-388-3811x3574,56681,U0nPtXcy
Travis,Henry,"Designer, industrial/product",Warehouse manager,gregory12@example.com,North Joannaland,(139)472-7810x7096,99297,bFNYXEmb
Brittany,Rivas,"Physicist, medical",Midwife,uconley@example.org,West Anthonyborough,502-630-2635x95109,54830,grQY8vqm
Pamela,Potts,"Administrator, sports","Teacher, adult education",welchdouglas@example.com,Powerstown,+1-840-929-0816,2129,ewDfrtD2
Stephen,Jenkins,Medical illustrator,"Psychologist, counselling",lynncarroll@example.net,Douglasmouth,752-087-5203x207,29185,r0kPISW1
Tiffany,James,Applications developer,"Pharmacist, hospital",bryanmurray@example.net,West Laura,001-261-786-7898x914,83152,fcgNbzYj
Samantha,Smith,"Social research officer, government",Dancer,lisa77@example.net,Christopherland,268-307-0216,73293,Hzemqm58
Ryan,Mclean,Product designer,Technical sales engineer,kristinahale@example.com,Michaelstad,+1-035-183-3260,84492,ZdL9AfiE
Eric,Matthews,Multimedia specialist,Media planner,jasmineperry@example.com,Lopezport,(371)900-7173x3870,82323,TMSJmBCq
Nicole,Nelson,"Engineer, biomedical",Chiropodist,richardpearson@example.org,Amandaberg,0182027687,64061,jNv045TG
Bryan,Mccarthy,Merchant navy officer,"Surveyor, planning and development",rsmith@example.com,Patriciachester,243.336.7271x087,577,kZ0ubKuk
Mitchell,Alvarado,Operational researcher,Applications developer,khanerin@example.com,North Matthew,+1-022-052-5085x58754,45632,oBcc3Db1
Alicia,Smith,Ergonomist,"Research officer, political party",schwartzjon@example.org,Bassborough,(870)558-0952x569,31005,VWfmshXy
Vincent,Harris,Chartered loss adjuster,Private music teacher,mary87@example.net,Staceyview,+1-359-300-4420x3526,96565,ci9ar0AV
David,Palmer,Fisheries officer,"Production assistant, television",angelamartin@example.net,Thompsonburgh,(551)259-3513,13316,roD5iGpf
Gabrielle,Larsen,Dealer,Amenity horticulturist,susan93@example.net,East Taylorfurt,(164)186-1580x663,59280,V0FmCYe8
Brian,Hansen,Event organiser,"Therapist, occupational",iking@example.org,Gutierreztown,001-417-581-3756x6572,7447,li9owfkj
Kristina,Carroll,Public librarian,"Engineer, maintenance",kyle27@example.net,Watsonmouth,+1-630-634-8843,20272,D1zjlaRc
James,Duran,Barista,"Engineer, manufacturing systems",veronica16@example.com,Bradleyburgh,860.246.4657x857,35827,sDdgrFhM
Bradley,Barker,Agricultural consultant,Marine scientist,qmunoz@example.com,Mayborough,466-507-3693,98210,FjurAkcU
Robert,Vega,Geophysicist/field seismologist,"Engineer, communications",jessicasoto@example.com,Port Michaelhaven,401.181.3399x33333,51255,i51iJiAB
